{
    "а": 0.08243724746938987,
    "б": 0.017511539205008888,
    "в": 0.04653163793062804,
    "г": 0.01861035676063045,
    "д": 0.03051907563777976,
    "е": 0.08516086524000133,
    "ё": 0.0005690042102186202,
    "ж": 0.01108246936629845,
    "з": 0.016493460724270756,
    "и": 0.06599034431384752,
    "й": 0.010750378353912958,
    "к": 0.03405303083879059,
    "л": 0.049147996492270266,
    "м": 0.02986933235267771,
    "н": 0.0668973328995818,
    "о": 0.11453191374002254,
    "п": 0.025450194009514246,
    "р": 0.04187352371253589,
    "с": 0.053028186777179014,
    "т": 0.06025227130215037,
    "у": 0.028008797612480728,
    "ф": 0.0014008524160431489,
    "х": 0.008270156480577832,
    "ц": 0.002995007142756114,
    "ч": 0.0162889610236536,
    "ш": 0.008829141973475152,
    "щ": 0.0029649509907922096,
    "ъ": 0.0003309123397594565,
    "ы": 0.01815214777725916,
    "ь": 0.020554577257275945,
    "э": 0.003358038311575037,
    "ю": 0.00620247002635512,
    "я": 0.02188382531128744
}