{
    "а": 5.300347378366369,
    "б": 1.4638689989073743,
    "в": 2.155063789923801,
    "г": 2.3162416528121974,
    "д": 3.1158975692419206,
    "е": 1.9293257333370142,
    "ё": 0.5706230637507425,
    "ж": 0.9987684586498637,
    "з": 1.1058048073746443,
    "и": 4.078779465049783,
    "й": 1.5553218526015087,
    "к": 3.6170627694274984,
    "л": 1.1741940884234223,
    "м": 2.9211484056303614,
    "н": 4.441296083734126,
    "о": 0.7567345186881725,
    "п": 2.296472876259035,
    "р": 1.6148062793470603,
    "с": 6.2091768085536465,
    "т": 1.5229081829377649,
    "у": 4.50523293763129,
    "ф": 3.0833058024921125,
    "х": 3.1049445984489523,
    "ц": 6.832872803951619,
    "ч": 5.184406175338363,
    "ш": 2.7483051836047387,
    "щ": 4.767569945404338,
    "ъ": 5.278530485323464,
    "ы": 3.6444897206814346,
    "ь": 3.5476049058623325,
    "э": 3.240031238228896,
    "ю": 2.1096490329773467,
    "я": 2.809214387038806
}